{"cameraMode":{"drawMode":0,"name":"Shaded","section":"Shading Mode"},"sceneLighting":true,"audioPlay":false,"sceneViewState":{"showFog":true,"showMaterialUpdate":false,"showSkybox":true,"showFlares":true,"showImageEffects":true,"showParticleSystems":true},"in2DMode":false,"pivot":{"x":-0.006526000797748566,"y":0.8068538308143616,"z":-0.01653669774532318},"rotation":{"x":-0.0014906085561960936,"y":-0.9945195913314819,"z":0.10361289978027344,"w":-0.014314927160739899},"size":0.4913226068019867,"orthographic":false}